policy,seed,arm,step,programs,audit_full_pass,inclusive_signature,weak_only_acceptance,audit_case_accuracy,hit_token_cap,syntax_valid
baseline-0,,baseline,0,32,0.125,0,0,0.26953125,0.09375,1
s20261011-endpoint_omission-12,20261011,endpoint_omission,12,32,0.09375,0.03125,0.03125,0.24430338541666666,0.15625,1
s20261011-endpoint_omission-24,20261011,endpoint_omission,24,32,0.125,0,0,0.2740885416666667,0.0625,1
s20261011-reference-12,20261011,reference,12,32,0.0625,0,0,0.244140625,0.125,0.9375
s20261011-reference-24,20261011,reference,24,32,0.125,0.03125,0.03125,0.3792317708333333,0.125,1
s20261011-repaired-12,20261011,repaired,12,32,0.1875,0.03125,0.03125,0.3798828125,0.0625,0.96875
s20261011-repaired-24,20261011,repaired,24,32,0.1875,0,0,0.4685872395833333,0,1
s20261012-endpoint_omission-12,20261012,endpoint_omission,12,32,0.1875,0.03125,0.03125,0.4127604166666667,0.09375,0.96875
s20261012-endpoint_omission-24,20261012,endpoint_omission,24,32,0.40625,0,0,0.5040690104166666,0.03125,1
s20261012-reference-12,20261012,reference,12,32,0.15625,0.03125,0.03125,0.3069661458333333,0.09375,0.96875
s20261012-reference-24,20261012,reference,24,32,0.125,0.03125,0.03125,0.28564453125,0.03125,1
s20261012-repaired-12,20261012,repaired,12,32,0.1875,0.03125,0.03125,0.4015299479166667,0,1
s20261012-repaired-24,20261012,repaired,24,32,0.3125,0,0,0.4466145833333333,0,1
s20261013-endpoint_omission-12,20261013,endpoint_omission,12,32,0.1875,0,0,0.3751627604166667,0.09375,0.96875
s20261013-endpoint_omission-24,20261013,endpoint_omission,24,32,0.1875,0.03125,0.03125,0.3512369791666667,0,1
s20261013-reference-12,20261013,reference,12,32,0.1875,0,0,0.3391927083333333,0.09375,1
s20261013-reference-24,20261013,reference,24,32,0.15625,0,0,0.3826497395833333,0.09375,1
s20261013-repaired-12,20261013,repaired,12,32,0.09375,0,0,0.22265625,0.15625,0.96875
s20261013-repaired-24,20261013,repaired,24,32,0.125,0,0,0.23876953125,0.09375,1
s20261014-endpoint_omission-12,20261014,endpoint_omission,12,32,0.1875,0,0,0.3102213541666667,0.15625,0.96875
s20261014-endpoint_omission-24,20261014,endpoint_omission,24,32,0.09375,0,0,0.19986979166666666,0.09375,0.96875
s20261014-reference-12,20261014,reference,12,32,0.15625,0.03125,0.03125,0.3221028645833333,0.09375,0.96875
s20261014-reference-24,20261014,reference,24,32,0.21875,0,0,0.3649088541666667,0.09375,1
s20261014-repaired-12,20261014,repaired,12,32,0.15625,0.0625,0.0625,0.3709309895833333,0.03125,1
s20261014-repaired-24,20261014,repaired,24,32,0.25,0,0,0.4365234375,0.03125,1
