policy,seed,arm,step,programs,audit_full_pass,inclusive_signature,weak_only_acceptance,audit_case_accuracy,hit_token_cap,syntax_valid,unique_sources,mean_tokens
baseline-0,,baseline,0,128,0.140625,0.0078125,0.0078125,0.2816162109375,0.125,1,128,304.1328125
s20261011-endpoint_omission-12,20261011,endpoint_omission,12,32,0.09375,0.03125,0.03125,0.24430338541666666,0.15625,1,32,278.78125
s20261011-endpoint_omission-24,20261011,endpoint_omission,24,128,0.1640625,0.015625,0.015625,0.312255859375,0.109375,0.9921875,128,321.4609375
s20261011-reference-12,20261011,reference,12,32,0.0625,0,0,0.244140625,0.125,0.9375,31,280.28125
s20261011-reference-24,20261011,reference,24,128,0.2265625,0.015625,0.015625,0.413818359375,0.1484375,0.96875,127,310.0546875
s20261011-repaired-12,20261011,repaired,12,32,0.1875,0.03125,0.03125,0.3798828125,0.0625,0.96875,32,249.9375
s20261011-repaired-24,20261011,repaired,24,128,0.1875,0.015625,0.0234375,0.4397379557291667,0.0078125,1,128,197.5625
s20261012-endpoint_omission-12,20261012,endpoint_omission,12,32,0.1875,0.03125,0.03125,0.4127604166666667,0.09375,0.96875,32,256.59375
s20261012-endpoint_omission-24,20261012,endpoint_omission,24,128,0.3515625,0,0.0078125,0.5196126302083334,0.0390625,0.9921875,128,226.1640625
s20261012-reference-12,20261012,reference,12,32,0.15625,0.03125,0.03125,0.3069661458333333,0.09375,0.96875,32,281.25
s20261012-reference-24,20261012,reference,24,128,0.25,0.0234375,0.0234375,0.3828938802083333,0.0625,0.984375,127,243.1796875
s20261012-repaired-12,20261012,repaired,12,32,0.1875,0.03125,0.03125,0.4015299479166667,0,1,32,225.5
s20261012-repaired-24,20261012,repaired,24,128,0.2578125,0.0078125,0.0078125,0.4495849609375,0.0234375,0.984375,127,204.625
s20261013-endpoint_omission-12,20261013,endpoint_omission,12,32,0.1875,0,0,0.3751627604166667,0.09375,0.96875,32,257.875
s20261013-endpoint_omission-24,20261013,endpoint_omission,24,128,0.2421875,0.03125,0.03125,0.3889567057291667,0.09375,0.984375,128,262.8359375
s20261013-reference-12,20261013,reference,12,32,0.1875,0,0,0.3391927083333333,0.09375,1,32,271.6875
s20261013-reference-24,20261013,reference,24,128,0.2109375,0.0078125,0.015625,0.4013671875,0.1015625,0.984375,127,279.484375
s20261013-repaired-12,20261013,repaired,12,32,0.09375,0,0,0.22265625,0.15625,0.96875,32,307.75
s20261013-repaired-24,20261013,repaired,24,128,0.171875,0.0390625,0.0390625,0.3553873697916667,0.1015625,0.953125,126,308.90625
s20261014-endpoint_omission-12,20261014,endpoint_omission,12,32,0.1875,0,0,0.3102213541666667,0.15625,0.96875,32,269.375
s20261014-endpoint_omission-24,20261014,endpoint_omission,24,128,0.2578125,0.0078125,0.0078125,0.35986328125,0.1640625,0.9609375,125,282.2109375
s20261014-reference-12,20261014,reference,12,32,0.15625,0.03125,0.03125,0.3221028645833333,0.09375,0.96875,32,244.875
s20261014-reference-24,20261014,reference,24,128,0.25,0.0078125,0.0078125,0.4029947916666667,0.1328125,0.96875,125,280.28125
s20261014-repaired-12,20261014,repaired,12,32,0.15625,0.0625,0.0625,0.3709309895833333,0.03125,1,32,256.65625
s20261014-repaired-24,20261014,repaired,24,128,0.265625,0.0234375,0.03125,0.4626057942708333,0.0625,0.984375,127,274.109375
