contrast,metric,seed,difference,percentage_points
endpoint_omission_minus_reference,audit_full_pass,20261011,-0.0625,-6.25
endpoint_omission_minus_reference,audit_full_pass,20261012,0.1015625,10.15625
endpoint_omission_minus_reference,audit_full_pass,20261013,0.03125,3.125
endpoint_omission_minus_reference,audit_full_pass,20261014,0.0078125,0.78125
endpoint_omission_minus_reference,inclusive_signature,20261011,0.0,0.0
endpoint_omission_minus_reference,inclusive_signature,20261012,-0.0234375,-2.34375
endpoint_omission_minus_reference,inclusive_signature,20261013,0.0234375,2.34375
endpoint_omission_minus_reference,inclusive_signature,20261014,0.0,0.0
endpoint_omission_minus_reference,weak_only_acceptance,20261011,0.0,0.0
endpoint_omission_minus_reference,weak_only_acceptance,20261012,-0.015625,-1.5625
endpoint_omission_minus_reference,weak_only_acceptance,20261013,0.015625,1.5625
endpoint_omission_minus_reference,weak_only_acceptance,20261014,0.0,0.0
endpoint_omission_minus_reference,audit_case_accuracy,20261011,-0.1015625,-10.15625
endpoint_omission_minus_reference,audit_case_accuracy,20261012,0.13671875000000006,13.671875000000005
endpoint_omission_minus_reference,audit_case_accuracy,20261013,-0.012410481770833315,-1.2410481770833315
endpoint_omission_minus_reference,audit_case_accuracy,20261014,-0.043131510416666685,-4.313151041666669
endpoint_omission_minus_reference,hit_token_cap,20261011,-0.0390625,-3.90625
endpoint_omission_minus_reference,hit_token_cap,20261012,-0.0234375,-2.34375
endpoint_omission_minus_reference,hit_token_cap,20261013,-0.0078125,-0.78125
endpoint_omission_minus_reference,hit_token_cap,20261014,0.03125,3.125
endpoint_omission_minus_reference,syntax_valid,20261011,0.0234375,2.34375
endpoint_omission_minus_reference,syntax_valid,20261012,0.0078125,0.78125
endpoint_omission_minus_reference,syntax_valid,20261013,0.0,0.0
endpoint_omission_minus_reference,syntax_valid,20261014,-0.0078125,-0.78125
repaired_minus_endpoint_omission,audit_full_pass,20261011,0.0234375,2.34375
repaired_minus_endpoint_omission,audit_full_pass,20261012,-0.09375,-9.375
repaired_minus_endpoint_omission,audit_full_pass,20261013,-0.0703125,-7.03125
repaired_minus_endpoint_omission,audit_full_pass,20261014,0.0078125,0.78125
repaired_minus_endpoint_omission,inclusive_signature,20261011,0.0,0.0
repaired_minus_endpoint_omission,inclusive_signature,20261012,0.0078125,0.78125
repaired_minus_endpoint_omission,inclusive_signature,20261013,0.0078125,0.78125
repaired_minus_endpoint_omission,inclusive_signature,20261014,0.015625,1.5625
repaired_minus_endpoint_omission,weak_only_acceptance,20261011,0.0078125,0.78125
repaired_minus_endpoint_omission,weak_only_acceptance,20261012,0.0,0.0
repaired_minus_endpoint_omission,weak_only_acceptance,20261013,0.0078125,0.78125
repaired_minus_endpoint_omission,weak_only_acceptance,20261014,0.0234375,2.34375
repaired_minus_endpoint_omission,audit_case_accuracy,20261011,0.12748209635416669,12.748209635416668
repaired_minus_endpoint_omission,audit_case_accuracy,20261012,-0.07002766927083337,-7.0027669270833375
repaired_minus_endpoint_omission,audit_case_accuracy,20261013,-0.0335693359375,-3.35693359375
repaired_minus_endpoint_omission,audit_case_accuracy,20261014,0.10274251302083331,10.274251302083332
repaired_minus_endpoint_omission,hit_token_cap,20261011,-0.1015625,-10.15625
repaired_minus_endpoint_omission,hit_token_cap,20261012,-0.015625,-1.5625
repaired_minus_endpoint_omission,hit_token_cap,20261013,0.0078125,0.78125
repaired_minus_endpoint_omission,hit_token_cap,20261014,-0.1015625,-10.15625
repaired_minus_endpoint_omission,syntax_valid,20261011,0.0078125,0.78125
repaired_minus_endpoint_omission,syntax_valid,20261012,-0.0078125,-0.78125
repaired_minus_endpoint_omission,syntax_valid,20261013,-0.03125,-3.125
repaired_minus_endpoint_omission,syntax_valid,20261014,0.0234375,2.34375
