policy,seed,arm,updates,nonzero_gradient_steps,zero_gradient_steps,generated_tokens,mean_reward,first_six_mean_reward,last_six_mean_reward,mean_gradient_norm,mean_clipped_fraction,parameters_changed,final_reload_verified
s20261011-endpoint_omission,20261011,endpoint_omission,24,23,1,31823,0.4471856787179907,0.35453216979901,0.4714912275473277,3.6951655050118766,0.1875,True,True
s20261011-reference,20261011,reference,24,24,0,32088,0.3597005208333333,0.2899305646618207,0.3845486044883728,3.5535522202650704,0.16666666666666666,True,True
s20261011-repaired,20261011,repaired,24,24,0,27741,0.4049707679077983,0.37938596804936725,0.4166666915019353,3.7412768403689065,0.14583333333333334,True,True
s20261012-endpoint_omission,20261012,endpoint_omission,24,24,0,28768,0.5230263235668341,0.4875731021165848,0.5095029324293137,3.642936110496521,0.09375,True,True
s20261012-reference,20261012,reference,24,24,0,26532,0.3795572914726411,0.3650173561957975,0.3723958333333333,3.6318971812725067,0.10416666666666667,True,True
s20261012-repaired,20261012,repaired,24,24,0,26304,0.41922515258193016,0.43859650442997616,0.45394737521807355,3.8368954559167228,0.0625,True,True
s20261013-endpoint_omission,20261013,endpoint_omission,24,24,0,26688,0.3974780699548622,0.3859649170190096,0.3421052619814873,4.005853434403737,0.11458333333333333,True,True
s20261013-reference,20261013,reference,24,24,0,31000,0.31553819674688083,0.3315972213943799,0.3120659763614337,3.659620851278305,0.17708333333333334,True,True
s20261013-repaired,20261013,repaired,24,23,1,30376,0.391630118402342,0.38669591397047043,0.49634502952297527,3.4665034214655557,0.10416666666666667,True,True
s20261014-endpoint_omission,20261014,endpoint_omission,24,23,1,31435,0.41885965565840405,0.3706140418847402,0.37573100129763287,3.4516767660776773,0.13541666666666666,True,True
s20261014-reference,20261014,reference,24,24,0,27126,0.37630207889014855,0.3797742972771327,0.4587673594554265,3.704915295044581,0.0625,True,True
s20261014-repaired,20261014,repaired,24,24,0,31466,0.3506944476782034,0.3472222338120143,0.25730994064360857,3.666483441988627,0.10416666666666667,True,True
