arm,audit_cases_passed,draws
reference,0,64
reference,1,118
reference,2,3
reference,3,1
reference,6,2
reference,8,1
reference,16,1
reference,18,1
reference,19,7
reference,21,3
reference,22,1
reference,23,1
reference,24,4
reference,25,3
reference,29,1
reference,31,2
reference,32,1
reference,34,2
reference,36,1
reference,40,1
reference,42,6
reference,44,2
reference,47,1
reference,50,1
reference,52,1
reference,57,1
reference,58,31
reference,63,1
reference,73,2
reference,74,51
reference,79,14
reference,80,1
reference,82,3
reference,83,4
reference,88,2
reference,89,1
reference,96,3
reference,108,2
reference,109,3
reference,118,1
reference,124,2
reference,127,7
reference,132,1
reference,137,1
reference,139,2
reference,141,12
reference,143,1
reference,145,1
reference,146,6
reference,151,5
reference,152,2
reference,162,1
reference,191,2
reference,192,120
endpoint_omission,0,84
endpoint_omission,1,117
endpoint_omission,2,2
endpoint_omission,4,2
endpoint_omission,6,4
endpoint_omission,7,2
endpoint_omission,8,1
endpoint_omission,12,1
endpoint_omission,14,2
endpoint_omission,19,6
endpoint_omission,22,1
endpoint_omission,23,4
endpoint_omission,24,1
endpoint_omission,25,1
endpoint_omission,29,3
endpoint_omission,30,1
endpoint_omission,32,1
endpoint_omission,33,1
endpoint_omission,34,1
endpoint_omission,35,1
endpoint_omission,36,2
endpoint_omission,37,2
endpoint_omission,39,1
endpoint_omission,40,1
endpoint_omission,41,2
endpoint_omission,46,1
endpoint_omission,49,1
endpoint_omission,53,1
endpoint_omission,54,1
endpoint_omission,57,1
endpoint_omission,58,26
endpoint_omission,67,1
endpoint_omission,73,1
endpoint_omission,74,33
endpoint_omission,79,12
endpoint_omission,81,2
endpoint_omission,82,2
endpoint_omission,83,9
endpoint_omission,88,1
endpoint_omission,89,1
endpoint_omission,91,1
endpoint_omission,93,1
endpoint_omission,95,1
endpoint_omission,96,1
endpoint_omission,101,2
endpoint_omission,104,2
endpoint_omission,108,1
endpoint_omission,109,1
endpoint_omission,111,1
endpoint_omission,118,2
endpoint_omission,124,1
endpoint_omission,127,7
endpoint_omission,139,1
endpoint_omission,141,3
endpoint_omission,143,2
endpoint_omission,145,1
endpoint_omission,146,3
endpoint_omission,151,1
endpoint_omission,152,2
endpoint_omission,154,1
endpoint_omission,172,1
endpoint_omission,188,1
endpoint_omission,191,8
endpoint_omission,192,130
repaired,0,42
repaired,1,96
repaired,2,4
repaired,4,3
repaired,6,3
repaired,8,1
repaired,14,1
repaired,18,1
repaired,19,8
repaired,21,3
repaired,24,3
repaired,27,3
repaired,28,2
repaired,29,7
repaired,30,1
repaired,35,1
repaired,36,1
repaired,40,2
repaired,41,2
repaired,42,4
repaired,43,1
repaired,44,2
repaired,49,2
repaired,50,1
repaired,51,1
repaired,52,1
repaired,53,2
repaired,56,1
repaired,57,2
repaired,58,28
repaired,60,2
repaired,63,1
repaired,71,1
repaired,73,6
repaired,74,71
repaired,76,1
repaired,79,5
repaired,81,1
repaired,82,1
repaired,83,6
repaired,86,2
repaired,88,1
repaired,89,1
repaired,90,1
repaired,91,1
repaired,92,2
repaired,96,8
repaired,99,1
repaired,101,1
repaired,107,1
repaired,109,2
repaired,112,1
repaired,122,1
repaired,127,11
repaired,131,1
repaired,139,2
repaired,141,11
repaired,143,8
repaired,144,1
repaired,145,2
repaired,146,6
repaired,150,1
repaired,151,3
repaired,152,3
repaired,178,1
repaired,191,2
repaired,192,113
