sample_id,source_hash,tokens,ended_with_eos,closed_code_fence,trailing_characters_after_code_fence
eval-s20261011-endpoint_omission-24-19085,88950ddb56ccff9059e19f1c5833c14956f86972392c3391e4b346df3dd54d89,512,False,True,674
eval-s20261011-endpoint_omission-24-19121,02d4288be92a17143d304fdca599fbd3fb8dbe6fd88c3a6e131c9480eb0853b4,512,False,True,501
eval-s20261011-reference-24-19011,0d3614f11e1ab4f42a9f352043d9f75bc14ffcde572200be1a764871955bc602,512,False,True,1142
eval-s20261011-reference-24-19046,e1b79e454fc619edf07d709d68ac5e6be5028e069689f4b1c738b82fb99af971,512,False,True,708
eval-s20261011-reference-24-19053,bc88eaedc8853db4bb3c39db893e642d0094444ee52d19ca2766638ff5a37caf,512,False,True,1224
eval-s20261011-reference-24-19066,7ff819575554e2a81d8d3dda5e54fe0b4ce8692cf830d2e3316365a37935ca60,512,False,True,630
eval-s20261011-reference-24-19112,683e1f4f63e1cd544912dbd262926ae7d4cfc011b7500b78514a9104ea9c1d00,512,False,True,316
eval-s20261012-endpoint_omission-24-19086,03ba2f3d13a99cd5d15724dccf89817d6d17138d5938b52840efab5827330484,512,False,True,1064
eval-s20261012-reference-24-19053,bdb353388e69056a0d4342bc2386a10101c81aa66ebc98025a2dbbe4f6022a1d,512,False,True,1270
eval-s20261013-endpoint_omission-24-19059,bfbc2aa9f1dd7ae9aae5795b8edb0095c8b414c0eee91a97b948d04ce2041e01,512,False,True,1200
eval-s20261013-endpoint_omission-24-19060,d124a701b8013e92f9fc0358cd6fa6f27062304a6546f4edb636e9776a0253dc,512,False,True,560
eval-s20261013-endpoint_omission-24-19122,846b9a2b33ebbd2a76fc64600e6bb3c083e65b1bf6dabfab5ad6bd7707e6a67e,512,False,True,55
eval-s20261013-reference-24-19059,c9b38a37d9577ca75a3998c6d54d4cde9eb0d6d80c5279b11e043a40696d3f7d,512,False,True,1406
eval-s20261013-reference-24-19069,01d23c59ceb87f3bba35b31cf2f90de8e739b7dd97c6245983f89818086fa711,512,False,True,634
eval-s20261013-repaired-24-19066,2a5ad1a85b2b1e53c1e00d3ca76ff44e0c6bcd27e5b6b1f692b505d8ed145b1b,512,False,True,1223
eval-s20261013-repaired-24-19069,57ffe3af1769b3d876bc18969a99dab96e654b59de7c5bbd01157dd8b2616962,512,False,True,690
eval-s20261013-repaired-24-19111,39ee6f33a8dd2ee6d4620738cf63d7d25916b33cb20bbd2821f3340622f86aac,512,False,True,1219
eval-s20261014-endpoint_omission-24-19053,40d124844ae72c64256ebcb49f81035ba531135ceb225afd0b686035a89663d3,512,False,True,1302
eval-s20261014-endpoint_omission-24-19075,62ca4159e6153313b66bb1d8fb659e32ad125230b1cda19edd6bea27d4e0958a,512,False,True,619
eval-s20261014-endpoint_omission-24-19085,e1d8c1a9711dd187e9a4840c3b04086704488f06266bb85277854e26bfc2e289,512,False,True,1150
eval-s20261014-endpoint_omission-24-19107,e9405d653e5b2ce95040f15bb4b5dd6718c0a01d6ed39821d21e41c4b080fbd0,512,False,True,515
eval-s20261014-reference-24-19106,8edde57476dc3b3ec0c43a894f2a857994eecf04c74827f67fb5475781780d3d,512,False,True,785
eval-s20261014-reference-24-19107,7d40ace23a7c0e9e91c5fa0531efbb95286acc213b109bab206e90193d07486e,512,False,True,858
eval-s20261014-reference-24-19111,bb7f20eec015d418c5a724e0a5dc1b59ef514610b9a6d28620c68763c049f208,512,False,True,978
eval-s20261014-repaired-24-19000,bb6b0731993f436d357230a3c0cb0004bac4c3d49f05369c00637df528aa9e9e,512,False,True,1193
eval-s20261014-repaired-24-19045,20e6eb920511da2f0d496cbec88c01141e15552d63d4f1173678ee333a59fd72,512,False,True,722
eval-s20261014-repaired-24-19062,d9d9b5f75490facf903f6450c2c9fbe1ba728bf09a92a05ad718888186ed1cbb,512,False,True,949
eval-s20261014-repaired-24-19069,d273a5e3659e23d98d8e1b8aa2715159b217f8bc0fdfaf4747a0ffdb257de11a,512,False,True,748
eval-s20261014-repaired-24-19120,978b7e1349c2150f638fc30c909c8c89a78d3f151691955bd879df730be68a6b,512,False,True,502
