arm,minimum_tokens,maximum_tokens,draws,syntax_valid,audit_full,syntax_valid_audit_failure,at_most_one_audit_pass,partial_audit_pass,zero_audit_pass,one_audit_pass,mean_audit_case_accuracy,mean_tokens,median_tokens,hit_token_cap,capped_and_audit_full
all,0,128,275,275,86,189,72,117,22,50,0.4647348484848485,100.49454545454546,102,0,0
all,129,256,591,586,122,464,203,266,43,160,0.3877608573040045,182.12013536379018,177,0,0
all,257,511,536,527,126,401,166,244,67,99,0.4249261504975124,381.6324626865672,387.0,0,0
all,512,512,134,117,29,88,80,25,58,22,0.30651430348258707,512,512.0,134,29
reference,0,128,68,68,27,41,16,25,6,10,0.5337775735294118,103.41176470588235,105.0,0,0
reference,129,256,210,208,38,170,79,93,13,66,0.3570436507936508,184.13333333333333,180.0,0,0
reference,257,511,177,173,44,129,54,79,22,32,0.426906779661017,381.80790960451975,399,0,0
reference,512,512,57,51,11,40,33,13,23,10,0.3175255847953216,512,512,57,11
endpoint_omission,0,128,85,85,25,60,33,27,11,22,0.40441176470588236,98.54117647058824,98,0,0
endpoint_omission,129,256,195,194,50,144,70,75,21,49,0.4152510683760684,182.3128205128205,175,0,0
endpoint_omission,257,511,180,180,45,135,64,71,26,38,0.41015625,385.06111111111113,387.5,0,0
endpoint_omission,512,512,52,44,10,34,34,8,26,8,0.2529046474358974,512,512.0,52,10
repaired,0,128,122,122,34,88,23,65,5,18,0.4682803961748634,100.22950819672131,102.0,0,0
repaired,129,256,186,184,34,150,54,98,9,45,0.3936211917562724,179.6451612903226,175.0,0,0
repaired,257,511,179,174,37,137,48,94,19,29,0.43782006517690875,378.0111731843575,383,0,0
repaired,512,512,25,22,8,14,13,4,9,4,0.39291666666666664,512,512,25,8
