cohort,seed,arm,draws,syntax_valid,audit_full,syntax_valid_audit_failure,at_most_one_audit_pass,partial_audit_pass,zero_audit_pass,one_audit_pass,mean_audit_case_accuracy,mean_tokens,median_tokens,hit_token_cap,capped_and_audit_full
baseline,,baseline,128,128,18,110,63,47,23,40,0.2816162109375,304.1328125,280.5,16,4
final_all_seeds,,reference,512,500,120,380,182,210,64,118,0.4002685546875,278.25,229.5,57,11
final_all_seeds,,endpoint_omission,512,503,130,373,201,181,84,117,0.395172119140625,273.16796875,233.0,52,10
final_all_seeds,,repaired,512,502,113,389,138,261,42,96,0.4268290201822917,246.30078125,196.5,25,8
final_policy,20261011,reference,128,124,29,95,43,56,16,27,0.413818359375,310.0546875,275.0,19,5
final_policy,20261011,endpoint_omission,128,127,21,106,50,57,16,34,0.312255859375,321.4609375,316.5,14,2
final_policy,20261011,repaired,128,128,24,104,23,81,4,19,0.4397379557291667,197.5625,175.0,1,0
final_policy,20261012,reference,128,126,32,94,46,50,16,30,0.3828938802083333,243.1796875,202.5,8,1
final_policy,20261012,endpoint_omission,128,127,45,82,36,47,16,20,0.5196126302083334,226.1640625,172.5,5,1
final_policy,20261012,repaired,128,126,33,93,32,63,8,24,0.4495849609375,204.625,165.0,3,0
final_policy,20261013,reference,128,126,27,99,43,58,10,33,0.4013671875,279.484375,235.0,13,2
final_policy,20261013,endpoint_omission,128,126,31,95,54,43,18,36,0.3889567057291667,262.8359375,205.5,12,3
final_policy,20261013,repaired,128,122,22,100,50,56,18,32,0.3553873697916667,308.90625,315.0,13,3
final_policy,20261014,reference,128,124,32,92,50,46,22,28,0.4029947916666667,280.28125,216.0,17,3
final_policy,20261014,endpoint_omission,128,123,33,90,61,34,34,27,0.35986328125,282.2109375,226.0,21,4
final_policy,20261014,repaired,128,126,34,92,33,61,12,21,0.4626057942708333,274.109375,255.0,8,5
