cohort,verifier,draws,common_eligible_pairs,discordant_common_pairs,discordant_common_rate,own_eligible_pairs,own_discordant_pairs,own_discordant_rate
all_evaluation,reference,2048,1767695,10081,0.0057029068928746195,1805086,10369,0.005744324647135926
all_evaluation,endpoint_omission,2048,1767695,27923,0.01579627707268505,1782524,31161,0.017481391554896315
all_evaluation,repaired,2048,1767695,31639,0.017898449675990486,1799548,34667,0.019264281919682054
final_only,reference,1536,996421,5969,0.0059904397839868895,1018218,6013,0.005905415146854603
final_only,endpoint_omission,1536,996421,16050,0.01610764927676153,1004628,18118,0.018034536166620877
final_only,repaired,1536,996421,18829,0.01889663104250111,1015691,20865,0.020542665042813216
20261011,reference,384,63888,405,0.006339218632607062,65253,411,0.0062985609857018066
20261011,endpoint_omission,384,63888,1319,0.02064550463310794,64466,1546,0.023981633729407748
20261011,repaired,384,63888,1805,0.028252566992236414,65066,2073,0.0318599575815326
20261012,reference,384,61373,412,0.006713049712414254,62510,415,0.006638937769956807
20261012,endpoint_omission,384,61373,1157,0.01885193814869731,61792,1307,0.02115160538581046
20261012,repaired,384,61373,1305,0.021263422025972332,62579,1433,0.022899055593729525
20261013,reference,384,61336,219,0.0035704969349158733,63211,219,0.0034645868598819824
20261013,endpoint_omission,384,61336,839,0.013678753097691405,62154,914,0.014705409145026868
20261013,repaired,384,61336,782,0.012749445676274944,62626,853,0.013620540989365439
20261014,reference,384,61294,451,0.007357979573857147,62350,454,0.007281475541299118
20261014,endpoint_omission,384,61294,829,0.01352497797500571,61638,924,0.014990752457899348
20261014,repaired,384,61294,944,0.015401181192286357,62328,1023,0.016413169041201388
