minimum_audit_cases,minimum_accuracy_pct,reference_count,endpoint_omission_count,repaired_count,repaired_minus_weak_pp
0,0.0,512,512,512,0.0
1,0.5208333333333334,448,428,470,8.203125
2,1.0416666666666667,330,311,374,12.3046875
3,1.5625,327,309,370,11.9140625
4,2.0833333333333335,326,309,370,11.9140625
5,2.6041666666666665,326,307,367,11.71875
6,3.125,326,307,367,11.71875
7,3.6458333333333335,324,303,364,11.9140625
8,4.166666666666667,324,301,364,12.3046875
9,4.6875,323,300,363,12.3046875
10,5.208333333333333,323,300,363,12.3046875
11,5.729166666666667,323,300,363,12.3046875
12,6.25,323,300,363,12.3046875
13,6.770833333333333,323,299,363,12.5
14,7.291666666666667,323,299,363,12.5
15,7.8125,323,297,362,12.6953125
16,8.333333333333334,323,297,362,12.6953125
17,8.854166666666666,322,297,362,12.6953125
18,9.375,322,297,362,12.6953125
19,9.895833333333334,321,297,361,12.5
20,10.416666666666666,314,291,353,12.109375
21,10.9375,314,291,353,12.109375
22,11.458333333333334,311,291,350,11.5234375
23,11.979166666666666,310,290,350,11.71875
24,12.5,309,286,350,12.5
25,13.020833333333334,305,285,347,12.109375
26,13.541666666666666,302,284,347,12.3046875
27,14.0625,302,284,347,12.3046875
28,14.583333333333334,302,284,344,11.71875
29,15.104166666666666,302,284,342,11.328125
30,15.625,301,281,335,10.546875
31,16.145833333333332,301,280,334,10.546875
32,16.666666666666668,299,280,334,10.546875
33,17.1875,298,279,334,10.7421875
34,17.708333333333332,298,278,334,10.9375
35,18.229166666666668,296,277,334,11.1328125
36,18.75,296,276,333,11.1328125
37,19.270833333333332,295,274,332,11.328125
38,19.791666666666668,295,272,332,11.71875
39,20.3125,295,272,332,11.71875
40,20.833333333333332,295,271,332,11.9140625
41,21.354166666666668,294,270,330,11.71875
42,21.875,294,268,328,11.71875
43,22.395833333333332,288,268,324,10.9375
44,22.916666666666668,288,268,323,10.7421875
45,23.4375,286,268,321,10.3515625
46,23.958333333333332,286,268,321,10.3515625
47,24.479166666666668,286,267,321,10.546875
48,25.0,285,267,321,10.546875
49,25.520833333333332,285,267,321,10.546875
50,26.041666666666668,285,266,319,10.3515625
51,26.5625,284,266,318,10.15625
52,27.083333333333332,284,266,317,9.9609375
53,27.604166666666668,283,266,316,9.765625
54,28.125,283,265,314,9.5703125
55,28.645833333333332,283,264,314,9.765625
56,29.166666666666668,283,264,314,9.765625
57,29.6875,283,264,313,9.5703125
58,30.208333333333332,282,263,311,9.375
59,30.729166666666668,251,237,283,8.984375
60,31.25,251,237,283,8.984375
61,31.770833333333332,251,237,281,8.59375
62,32.291666666666664,251,237,281,8.59375
63,32.8125,251,237,281,8.59375
64,33.333333333333336,250,237,280,8.3984375
65,33.854166666666664,250,237,280,8.3984375
66,34.375,250,237,280,8.3984375
67,34.895833333333336,250,237,280,8.3984375
68,35.416666666666664,250,236,280,8.59375
69,35.9375,250,236,280,8.59375
70,36.458333333333336,250,236,280,8.59375
71,36.979166666666664,250,236,280,8.59375
72,37.5,250,236,279,8.3984375
73,38.020833333333336,250,236,279,8.3984375
74,38.541666666666664,248,235,273,7.421875
75,39.0625,197,202,202,0.0
76,39.583333333333336,197,202,202,0.0
77,40.104166666666664,197,202,201,-0.1953125
78,40.625,197,202,201,-0.1953125
79,41.145833333333336,197,202,201,-0.1953125
80,41.666666666666664,183,190,196,1.171875
81,42.1875,182,190,196,1.171875
82,42.708333333333336,182,188,195,1.3671875
83,43.229166666666664,179,186,194,1.5625
84,43.75,175,177,188,2.1484375
85,44.270833333333336,175,177,188,2.1484375
86,44.791666666666664,175,177,188,2.1484375
87,45.3125,175,177,186,1.7578125
88,45.833333333333336,175,177,186,1.7578125
89,46.354166666666664,173,176,185,1.7578125
90,46.875,172,175,184,1.7578125
91,47.395833333333336,172,175,183,1.5625
92,47.916666666666664,172,174,182,1.5625
93,48.4375,172,174,180,1.171875
94,48.958333333333336,172,173,180,1.3671875
95,49.479166666666664,172,173,180,1.3671875
96,50.0,172,172,180,1.5625
97,50.520833333333336,169,171,172,0.1953125
98,51.041666666666664,169,171,172,0.1953125
99,51.5625,169,171,172,0.1953125
100,52.083333333333336,169,171,171,0.0
101,52.604166666666664,169,171,171,0.0
102,53.125,169,169,170,0.1953125
103,53.645833333333336,169,169,170,0.1953125
104,54.166666666666664,169,169,170,0.1953125
105,54.6875,169,167,170,0.5859375
106,55.208333333333336,169,167,170,0.5859375
107,55.729166666666664,169,167,170,0.5859375
108,56.25,169,167,169,0.390625
109,56.770833333333336,167,166,169,0.5859375
110,57.291666666666664,164,165,167,0.390625
111,57.8125,164,165,167,0.390625
112,58.333333333333336,164,164,167,0.5859375
113,58.854166666666664,164,164,166,0.390625
114,59.375,164,164,166,0.390625
115,59.895833333333336,164,164,166,0.390625
116,60.416666666666664,164,164,166,0.390625
117,60.9375,164,164,166,0.390625
118,61.458333333333336,164,164,166,0.390625
119,61.979166666666664,163,162,166,0.78125
120,62.5,163,162,166,0.78125
121,63.020833333333336,163,162,166,0.78125
122,63.541666666666664,163,162,166,0.78125
123,64.0625,163,162,165,0.5859375
124,64.58333333333333,163,162,165,0.5859375
125,65.10416666666667,161,161,165,0.78125
126,65.625,161,161,165,0.78125
127,66.14583333333333,161,161,165,0.78125
128,66.66666666666667,154,154,154,0.0
129,67.1875,154,154,154,0.0
130,67.70833333333333,154,154,154,0.0
131,68.22916666666667,154,154,154,0.0
132,68.75,154,154,153,-0.1953125
133,69.27083333333333,153,154,153,-0.1953125
134,69.79166666666667,153,154,153,-0.1953125
135,70.3125,153,154,153,-0.1953125
136,70.83333333333333,153,154,153,-0.1953125
137,71.35416666666667,153,154,153,-0.1953125
138,71.875,152,154,153,-0.1953125
139,72.39583333333333,152,154,153,-0.1953125
140,72.91666666666667,150,153,151,-0.390625
141,73.4375,150,153,151,-0.390625
142,73.95833333333333,138,150,140,-1.953125
143,74.47916666666667,138,150,140,-1.953125
144,75.0,137,148,132,-3.125
145,75.52083333333333,137,148,131,-3.3203125
146,76.04166666666667,136,147,129,-3.515625
147,76.5625,130,144,123,-4.1015625
148,77.08333333333333,130,144,123,-4.1015625
149,77.60416666666667,130,144,123,-4.1015625
150,78.125,130,144,123,-4.1015625
151,78.64583333333333,130,144,122,-4.296875
152,79.16666666666667,125,143,119,-4.6875
153,79.6875,123,141,116,-4.8828125
154,80.20833333333333,123,141,116,-4.8828125
155,80.72916666666667,123,140,116,-4.6875
156,81.25,123,140,116,-4.6875
157,81.77083333333333,123,140,116,-4.6875
158,82.29166666666667,123,140,116,-4.6875
159,82.8125,123,140,116,-4.6875
160,83.33333333333333,123,140,116,-4.6875
161,83.85416666666667,123,140,116,-4.6875
162,84.375,123,140,116,-4.6875
163,84.89583333333333,122,140,116,-4.6875
164,85.41666666666667,122,140,116,-4.6875
165,85.9375,122,140,116,-4.6875
166,86.45833333333333,122,140,116,-4.6875
167,86.97916666666667,122,140,116,-4.6875
168,87.5,122,140,116,-4.6875
169,88.02083333333333,122,140,116,-4.6875
170,88.54166666666667,122,140,116,-4.6875
171,89.0625,122,140,116,-4.6875
172,89.58333333333333,122,140,116,-4.6875
173,90.10416666666667,122,139,116,-4.4921875
174,90.625,122,139,116,-4.4921875
175,91.14583333333333,122,139,116,-4.4921875
176,91.66666666666667,122,139,116,-4.4921875
177,92.1875,122,139,116,-4.4921875
178,92.70833333333333,122,139,116,-4.4921875
179,93.22916666666667,122,139,115,-4.6875
180,93.75,122,139,115,-4.6875
181,94.27083333333333,122,139,115,-4.6875
182,94.79166666666667,122,139,115,-4.6875
183,95.3125,122,139,115,-4.6875
184,95.83333333333333,122,139,115,-4.6875
185,96.35416666666667,122,139,115,-4.6875
186,96.875,122,139,115,-4.6875
187,97.39583333333333,122,139,115,-4.6875
188,97.91666666666667,122,139,115,-4.6875
189,98.4375,122,138,115,-4.4921875
190,98.95833333333333,122,138,115,-4.4921875
191,99.47916666666667,122,138,115,-4.4921875
192,100.0,120,130,113,-3.3203125
