block,draw_seed_min,draw_seed_max,arm,n,audit_full_count,audit_full_pass,inclusive_count,inclusive_signature,weak_only_count,audit_case_accuracy,hit_token_cap,syntax_valid
0,19000,19031,reference,128,20,0.15625,2,0.015625,2,0.3531087239583333,0.0859375,1
0,19000,19031,endpoint_omission,128,26,0.203125,1,0.0078125,1,0.3323160807291667,0.046875,0.9921875
0,19000,19031,repaired,128,28,0.21875,0,0,0,0.3976236979166667,0.03125,1
1,19032,19063,reference,128,30,0.234375,1,0.0078125,2,0.3941243489583333,0.1640625,0.96875
1,19032,19063,endpoint_omission,128,38,0.296875,1,0.0078125,1,0.4180908203125,0.1484375,0.984375
1,19032,19063,repaired,128,32,0.25,5,0.0390625,5,0.4436848958333333,0.078125,0.984375
2,19064,19095,reference,128,32,0.25,3,0.0234375,3,0.4267985026041667,0.0703125,0.9765625
2,19064,19095,endpoint_omission,128,31,0.2421875,3,0.0234375,4,0.4090983072916667,0.125,1
2,19064,19095,repaired,128,28,0.21875,2,0.015625,4,0.4654947916666667,0.046875,0.9609375
3,19096,19127,reference,128,38,0.296875,1,0.0078125,1,0.4270426432291667,0.125,0.9609375
3,19096,19127,endpoint_omission,128,35,0.2734375,2,0.015625,2,0.4211832682291667,0.0859375,0.953125
3,19096,19127,repaired,128,25,0.1953125,4,0.03125,4,0.4005126953125,0.0390625,0.9765625
