contrast,metric,omitted_seed,mean_all_four_pp,mean_remaining_three_pp
weak_minus_reference,audit_full_pass,20261011,1.953125,4.6875
weak_minus_reference,audit_full_pass,20261012,1.953125,-0.78125
weak_minus_reference,audit_full_pass,20261013,1.953125,1.5625
weak_minus_reference,audit_full_pass,20261014,1.953125,2.34375
weak_minus_reference,inclusive_signature,20261011,0.0,0.0
weak_minus_reference,inclusive_signature,20261012,0.0,0.78125
weak_minus_reference,inclusive_signature,20261013,0.0,-0.78125
weak_minus_reference,inclusive_signature,20261014,0.0,0.0
weak_minus_reference,audit_case_accuracy,20261011,-0.5096435546874987,2.7058919270833353
weak_minus_reference,audit_case_accuracy,20261012,-0.5096435546874987,-5.23681640625
weak_minus_reference,audit_case_accuracy,20261013,-0.5096435546874987,-0.2658420138888876
weak_minus_reference,audit_case_accuracy,20261014,-0.5096435546874987,0.758192274305558
weak_minus_reference,hit_token_cap,20261011,-0.9765625,0.0
weak_minus_reference,hit_token_cap,20261012,-0.9765625,-0.5208333333333333
weak_minus_reference,hit_token_cap,20261013,-0.9765625,-1.0416666666666665
weak_minus_reference,hit_token_cap,20261014,-0.9765625,-2.34375
repaired_minus_weak,audit_full_pass,20261011,-3.3203125,-5.208333333333334
repaired_minus_weak,audit_full_pass,20261012,-3.3203125,-1.3020833333333335
repaired_minus_weak,audit_full_pass,20261013,-3.3203125,-2.083333333333333
repaired_minus_weak,audit_full_pass,20261014,-3.3203125,-4.6875
repaired_minus_weak,inclusive_signature,20261011,0.78125,1.0416666666666665
repaired_minus_weak,inclusive_signature,20261012,0.78125,0.78125
repaired_minus_weak,inclusive_signature,20261013,0.78125,0.78125
repaired_minus_weak,inclusive_signature,20261014,0.78125,0.5208333333333333
repaired_minus_weak,audit_case_accuracy,20261011,3.1656901041666656,-0.028483072916668517
repaired_minus_weak,audit_case_accuracy,20261012,3.1656901041666656,6.55517578125
repaired_minus_weak,audit_case_accuracy,20261013,3.1656901041666656,5.339898003472221
repaired_minus_weak,audit_case_accuracy,20261014,3.1656901041666656,0.7961697048611105
repaired_minus_weak,hit_token_cap,20261011,-5.2734375,-3.6458333333333335
repaired_minus_weak,hit_token_cap,20261012,-5.2734375,-6.510416666666667
repaired_minus_weak,hit_token_cap,20261013,-5.2734375,-7.291666666666667
repaired_minus_weak,hit_token_cap,20261014,-5.2734375,-3.6458333333333335
